slug,first time
100devs,2021-03-26 11:46:50+00:00
24pullrequests,2013-12-27 05:40:05+00:00
314-education,2025-01-03 11:05:53+00:00
31z4,2021-09-08 20:40:45+00:00
4ian,2024-11-18 08:43:35+00:00
AFLplusplus,2019-06-30 08:01:32+00:00
AccelAI,2018-06-13 21:07:22+00:00
AcheronProject,2020-10-12 13:51:17+00:00
ActivityWatch,2015-07-03 21:19:11+00:00
AfricArxiv,2018-07-03 07:51:42+00:00
Airsaid,2023-02-15 10:36:54+00:00
AlchemyCMS,2024-05-02 13:40:19+00:00
Aletheia-Data,2021-11-07 06:57:15+00:00
AlmaLinux,2021-02-27 13:03:41+00:00
Alovoa,2023-10-01 08:31:21+00:00
Amog-OS,2023-08-23 21:22:27+00:00
AmruthPillai,2024-11-10 21:40:18+00:00
AravisProject,2022-09-20 14:50:05+00:00
ArtalkJS,2024-10-03 12:27:29+00:00
Ashutosh00710,2021-01-22 11:31:23+00:00
AsteroidOS,2017-05-30 22:10:31+00:00
BRL-CAD,2014-03-16 16:50:26+00:00
Binaryify,2022-08-15 13:34:04+00:00
BioJulia,2014-05-06 22:34:06+00:00
Bioprotocols,2021-06-21 18:13:57+00:00
BirthdayResearch,2022-05-02 17:33:11+00:00
BlissRoms-x86,2017-07-28 01:36:31+00:00
Bloc,2012-10-13 18:45:27+00:00
Blosc,2019-12-04 19:11:53+00:00
Bogdan-Lyashenko,2019-01-18 02:52:32+00:00
BrainJS,2017-01-25 02:45:55+00:00
BusKill,2020-08-30 17:21:42+00:00
CITGuru,2021-07-20 15:53:08+00:00
COVID-19-electronic-health-system,2020-05-15 03:28:12+00:00
CaenCamp,2017-11-18 14:49:35+00:00
Cantera,2022-12-19 16:57:47+00:00
Cezerin2,2020-05-20 22:18:42+00:00
Chinachu,2020-07-05 09:16:35+00:00
CirclesUBI,2017-11-10 13:09:35+00:00
CircuitVerse,2020-04-30 15:42:38+00:00
ClassicPress,2018-09-08 03:08:19+00:00
ClimateMind,2021-10-10 09:30:14+00:00
Cloudbox,2019-11-02 01:53:06+00:00
CodeEditApp,2024-08-29 06:48:49+00:00
CodeWithAloha,2015-09-29 22:09:49+00:00
CodeforSouth,2013-07-27 21:06:56+00:00
Coding-Coach,2018-09-14 22:04:07+00:00
ColinEberhardt,2018-05-09 20:36:43+00:00
ConstructCommunity,2019-08-27 13:44:29+00:00
CouncilDataProject,2017-11-08 20:31:48+00:00
Crequency,2022-11-19 14:40:53+00:00
CyPurr-Collective,2020-05-06 16:28:26+00:00
DeepWTO,2020-03-02 05:06:24+00:00
DefectDojo,2018-07-10 10:19:22+00:00
DigitalBiomarkerDiscoveryPipeline,2021-05-25 09:40:00+00:00
Discord4J,2019-12-16 13:44:52+00:00
DiscordAnalytics,2024-01-17 16:09:21+00:00
DiskFrame,2020-09-17 02:32:18+00:00
Dolibarr,2016-09-22 15:08:13+00:00
DragonetMC,2016-08-15 05:21:00+00:00
Dynamoid,2022-07-19 18:32:22+00:00
EFPrefix,2017-04-21 07:06:48+00:00
ESHackathon,2021-03-18 09:29:49+00:00
EduCodeBe,2018-05-05 09:15:12+00:00
Einfach-Gaming,2021-05-28 09:43:25+00:00
Embroidermodder,2014-02-11 14:56:24+00:00
Emplea-do,2019-08-21 01:19:54+00:00
EngineHub,2013-01-28 01:50:09+00:00
Enraged-Rabbit-Community,2024-06-17 02:10:39+00:00
EssentialsX,2019-10-03 12:55:37+00:00
EthicalSource,2023-04-10 15:33:32+00:00
Eugeny,2025-01-17 07:21:59+00:00
FOSSBilling,2022-05-22 20:43:37+00:00
FedML-AI,2021-01-24 16:19:22+00:00
FiguraMC,2023-10-06 12:40:10+00:00
FlagrantGarden,2021-09-22 05:15:10+00:00
Flow-Launcher,2025-01-06 08:30:05+00:00
FluentValidation,2023-01-23 21:00:52+00:00
FossifyOrg,2023-12-04 23:19:35+00:00
GAwesomeBot,2020-06-22 09:41:09+00:00
GameTec-live,2023-09-01 11:50:36+00:00
GeekGene,2023-08-31 21:49:47+00:00
Git-Commit-Show,2020-05-07 13:04:59+00:00
GramAddict,2022-01-31 12:44:45+00:00
GridtNetwork,2020-08-25 14:10:34+00:00
Hamza417,2023-12-06 07:07:38+00:00
HandyOrg,2024-09-03 06:34:53+00:00
HashLoad,2019-06-14 20:52:55+00:00
Hasnayeen,2024-05-31 07:46:38+00:00
Heavy-Division,2021-10-01 02:48:18+00:00
HenryQW,2019-08-01 09:12:00+00:00
Hexworks,2016-03-31 21:14:25+00:00
HoudiniGraphql,2021-07-09 04:49:51+00:00
Humanitarian-AI,2022-04-07 03:04:03+00:00
HyperGAN,2016-11-30 03:34:01+00:00
InfyOmLabs,2016-04-20 17:54:35+00:00
InsightSoftwareConsortium,2024-11-20 21:19:54+00:00
IntellectualSites,2019-01-09 03:16:10+00:00
Jaysmito101,2021-10-22 17:38:16+00:00
JiHong88,2024-08-28 17:00:43+00:00
JodaOrg,2012-12-10 19:12:16+00:00
JonyFang,2018-12-28 02:27:34+00:00
KStateMachine,2024-05-17 18:12:46+00:00
KaTeX,2016-12-17 22:38:39+00:00
KairosResearchLab,2023-06-28 08:31:49+00:00
KinectToVR,2021-10-29 19:32:53+00:00
KronicDeth,2024-08-20 11:40:43+00:00
LSS-Manager,2018-08-10 21:29:16+00:00
LasseRafn,2017-10-07 19:56:50+00:00
Leaflet,2024-10-11 21:02:02+00:00
LeanerCloud,2019-02-15 19:39:59+00:00
LearnersBlock,2021-02-18 21:20:07+00:00
Level,2013-01-28 00:36:51+00:00
LibrePCB,2016-09-04 23:45:53+00:00
Linux-on-droid,2024-06-06 18:51:07+00:00
LiterateInk,2024-03-12 20:00:01+00:00
LiveGTech,2022-02-03 11:57:07+00:00
LycheeOrg,2022-11-08 12:45:08+00:00
MDAnalysis,2015-10-06 17:57:09+00:00
MakUrSpace,2021-05-22 19:41:17+00:00
ManimCommunity,2020-06-08 09:18:46+00:00
ManukMinasyan,2024-04-26 15:46:51+00:00
MarcTowler,2019-01-21 20:20:59+00:00
Megabit,2024-11-20 12:44:29+00:00
MidCamp,2019-04-19 16:40:45+00:00
Midnight-Lizard,2017-11-11 13:01:30+00:00
MintyOrb,2021-01-05 08:02:45+00:00
ModuleArt,2019-09-19 08:41:48+00:00
MurhafSousli,2024-09-13 12:20:44+00:00
MurmurationsNetwork,2019-08-07 19:09:20+00:00
NServiceBusExtensions,2023-11-20 11:38:13+00:00
NamelessMC,2016-06-24 16:40:29+00:00
NaomiProject,2019-02-22 23:26:12+00:00
NdagiStanley,2018-07-03 04:29:39+00:00
Nitrux,2016-09-17 22:16:27+00:00
OI-wiki,2024-10-23 06:56:17+00:00
ONEARMY,2017-06-05 12:34:31+00:00
OSAlt,2017-07-13 15:59:34+00:00
OSGeo,2014-02-21 12:49:03+00:00
OctoLinker,2016-02-18 07:41:43+00:00
OfflineIMAP,2015-03-28 21:44:49+00:00
One-Language,2019-06-01 03:03:08+00:00
OneLiteFeatherNET,2023-03-18 14:21:26+00:00
Open-Bootcamp,2022-03-11 21:02:08+00:00
Open-MBEE,2014-06-02 17:38:45+00:00
Open-Science-Community-Saudi-Arabia,2022-10-06 09:52:31+00:00
OpenCOVID19CoughCheck,2020-04-02 18:12:23+00:00
OpenCannabis,2019-05-24 17:34:18+00:00
OpenDevUFCG,2018-12-18 20:09:04+00:00
OpenHV,2023-12-30 15:17:00+00:00
OpenHospitalityNetwork,2021-06-13 05:15:08+00:00
OpenMS,2015-08-11 13:28:55+00:00
OpenMaine,2018-11-09 09:57:20+00:00
OpenNBS,2022-12-10 21:35:22+00:00
OpenPHL,2019-04-09 19:28:05+00:00
OpenSID,2025-01-19 07:48:29+00:00
OpenSTL,2015-01-08 19:59:41+00:00
OpenShopChannel,2020-12-21 21:18:54+00:00
OpenSourceCommunityBrasil,2021-11-30 00:04:09+00:00
OpenTechFund,2021-11-18 11:45:31+00:00
OpenZWave,2014-03-22 15:13:01+00:00
PSLmodels,2015-04-07 11:54:51+00:00
PalisadoesFoundation,2017-02-12 08:31:58+00:00
PapillonApp,2022-09-21 13:54:07+00:00
ParisTypeScript,2023-04-21 20:28:28+00:00
PataphysicalSociety,2021-04-09 15:59:55+00:00
PitchBlackRecoveryProject,2018-07-30 20:55:24+00:00
PixiEditor,2024-02-05 01:00:33+00:00
PokeAPI,2024-04-17 04:24:01+00:00
PolicyEngine,2018-12-14 19:48:42+00:00
PolyMC,2022-04-01 02:11:21+00:00
PopSchools,2020-04-18 00:09:41+00:00
PowerNukkit,2019-05-17 14:34:08+00:00
PrismarineJS,2013-01-14 00:42:02+00:00
PrisonArt,2022-05-22 17:04:44+00:00
ProjectSakura,2024-10-08 07:32:14+00:00
Psionica,2021-04-03 12:22:17+00:00
PyTables,2020-10-02 16:57:59+00:00
Quaint-Studios,2024-01-17 15:16:21+00:00
QuantEcon,2015-12-16 17:53:33+00:00
RSS-Bridge,2024-08-25 15:12:44+00:00
RaspAP,2017-10-17 10:54:40+00:00
ResilienceWeb,2023-02-27 22:49:37+00:00
Retrospring,2015-05-25 03:17:37+00:00
RicoSuter,2024-11-26 14:25:59+00:00
RobinCK,2019-09-21 20:29:26+00:00
RoboTech-URJC,2018-11-19 16:59:27+00:00
Roslovets-Inc,2021-03-13 15:10:51+00:00
RustFestEU,2016-05-15 08:12:26+00:00
RustPython,2019-02-07 03:00:20+00:00
SFML,2024-07-12 20:56:09+00:00
STEllAR-GROUP,2024-02-01 03:49:29+00:00
SagerNet,2022-02-05 11:43:02+00:00
SceneView,2022-02-28 14:15:31+00:00
SciML,2014-01-27 11:46:13+00:00
ScoopInstaller,2019-05-06 17:42:26+00:00
ScuffleCloud,2023-04-20 17:56:46+00:00
SelectorsHub,2020-12-22 15:51:12+00:00
Sequel-Ace,2024-07-14 05:32:05+00:00
SheetJS,2014-02-15 16:00:04+00:00
Sinytra,2023-08-26 13:12:58+00:00
Skoice,2021-08-05 19:09:29+00:00
SkriptLang,2017-06-01 17:50:20+00:00
Sollumz,2024-08-16 16:07:33+00:00
Solvosoft,2023-08-05 00:10:47+00:00
SonicCloudOrg,2021-11-10 11:16:45+00:00
Sophox,2018-06-06 23:57:59+00:00
Sudan-s-Tech,2021-02-18 18:51:30+00:00
SvenVD,2021-11-11 22:12:59+00:00
SynoCommunity,2018-04-26 16:47:08+00:00
TUM-Dev,2017-03-05 17:47:55+00:00
TabbycatDebate,2019-06-01 16:56:00+00:00
TampaDevs,2022-11-04 14:16:57+00:00
TeamUltroid,2023-05-21 03:58:13+00:00
TheFuseLab,2023-04-04 21:19:05+00:00
TheIOFoundation,2021-01-07 03:11:52+00:00
TheScripters,2019-08-08 14:34:23+00:00
Thorium-Sim,2016-11-17 06:17:39+00:00
Together-Java,2018-04-11 18:21:05+00:00
Tracardi,2022-11-11 13:17:45+00:00
TransDB-de,2021-11-27 14:54:39+00:00
Typetura,2023-09-07 15:57:34+00:00
UbuntuBudgie,2016-04-20 03:20:37+00:00
UnigramDev,2018-07-15 02:46:48+00:00
Visual-Regression-Tracker,2020-09-04 08:14:08+00:00
Vouk,2019-09-03 18:31:33+00:00
Vuepic,2025-01-13 21:35:18+00:00
WalletConnect,2018-11-23 18:52:44+00:00
WangYihang,2022-11-10 17:03:56+00:00
WatchItDev,2023-06-13 00:16:18+00:00
WeAreDotnet,2023-04-30 07:51:30+00:00
WeWriteApp,2024-11-15 17:30:04+00:00
WelcometoMyGarden,2021-05-10 12:59:19+00:00
Whisparr,2024-09-12 22:52:03+00:00
WildGums,2017-01-24 17:43:09+00:00
Wobbly-App,2019-03-19 16:26:46+00:00
WolvenKit,2020-11-23 19:53:00+00:00
YiiGuxing,2023-05-11 03:37:28+00:00
Zizzamia,2021-01-29 16:29:15+00:00
abap-observability-tools,2020-04-17 18:28:54+00:00
abelljs,2020-05-22 19:17:43+00:00
abhinavsingh,2023-07-06 02:44:29+00:00
accounts-js,2019-10-18 08:06:14+00:00
activeadmin,2016-01-21 12:11:38+00:00
aesmail,2021-06-10 14:03:32+00:00
ahmedfgad,2023-09-06 11:15:35+00:00
ai-techsystems,2019-09-11 15:04:05+00:00
aidenybai,2022-07-01 18:33:38+00:00
aiogram,2020-01-03 06:20:26+00:00
aissat,2024-08-01 10:09:19+00:00
alanmcgovern,2021-12-09 16:50:54+00:00
alexandercerutti,2024-09-10 06:50:25+00:00
alexmojaki,2022-06-20 07:42:15+00:00
alfio-event,2024-05-15 11:00:27+00:00
alibaba,2024-09-05 15:25:32+00:00
aligungr,2024-01-22 05:06:52+00:00
alire-project,2020-04-06 09:14:03+00:00
allthingslinux,2024-05-10 04:17:02+00:00
alovajs,2023-04-13 09:25:45+00:00
amethyst,2016-08-03 17:36:47+00:00
amuzil,2022-12-12 17:59:11+00:00
analysis-tools-dev,2020-08-21 11:58:24+00:00
ankitpokhrel,2024-04-05 14:30:33+00:00
anticensority,2017-06-01 13:52:21+00:00
antonbabenko,2019-11-19 12:29:22+00:00
apiato,2017-05-21 11:01:47+00:00
apiflask,2021-06-26 09:57:04+00:00
apollo-elements,2020-09-30 07:29:19+00:00
apolloconfig,2018-11-16 07:49:27+00:00
approach0,2017-04-07 15:03:56+00:00
arborchat,2018-10-27 20:40:44+00:00
archaeo-social,2022-11-14 09:04:19+00:00
argos-ci,2018-08-16 09:50:30+00:00
arkmanager,2022-04-09 08:06:53+00:00
arrow-py,2022-09-29 02:12:20+00:00
artpolikarpov,2019-06-28 11:31:02+00:00
arviz-devs,2019-05-28 15:38:58+00:00
asciidocfx,2023-11-13 14:43:33+00:00
ash-project,2020-06-07 16:26:15+00:00
aspect-build,2021-12-21 23:31:03+00:00
assimp,2024-11-06 02:23:28+00:00
astrit,2020-06-27 11:24:01+00:00
astropy,2012-11-27 11:28:55+00:00
async-rs,2019-07-21 14:18:03+00:00
atata-framework,2017-04-06 13:47:30+00:00
avajs,2016-01-02 12:47:19+00:00
azerothcore,2016-08-17 10:42:24+00:00
azjezz,2020-07-10 00:05:11+00:00
azlux,2024-05-14 14:34:29+00:00
baby-degu,2020-05-05 08:51:24+00:00
babybuddy,2022-02-06 02:46:10+00:00
babycastles,2018-12-21 19:53:05+00:00
backyourstack,2019-07-04 10:08:39+00:00
badgen,2021-11-09 21:04:22+00:00
bagisto,2024-11-15 12:19:41+00:00
barcamp-events,2020-06-07 05:03:13+00:00
bastion-rs,2019-07-22 22:10:09+00:00
bavix,2018-06-20 15:01:55+00:00
baytechc,2020-06-13 13:43:25+00:00
bcneng,2020-03-30 15:11:28+00:00
beaconny-net,2021-09-17 14:44:40+00:00
beawitcht,2023-02-18 15:24:19+00:00
beercss,2022-06-08 09:35:40+00:00
bevry,2012-05-02 02:47:19+00:00
bjornharrtell,2016-02-24 19:46:42+00:00
blitz-js,2020-05-03 16:08:54+00:00
boardgameio,2021-10-04 14:50:07+00:00
bokeh,2024-12-30 14:00:46+00:00
bonfire-networks,2020-05-27 21:25:10+00:00
bonigarcia,2022-03-22 15:30:47+00:00
boot-clj,2015-09-25 21:31:11+00:00
bootscore,2022-10-06 05:51:27+00:00
bootstrap-vue-next,2024-12-07 00:58:36+00:00
borgbackup,2015-06-18 16:53:00+00:00
bowser-js,2021-06-24 18:32:17+00:00
brainflow-dev,2020-11-29 13:41:12+00:00
breamware,2024-12-18 13:27:51+00:00
breathe-doc,2023-06-09 20:40:40+00:00
bridgefoundry,2015-03-21 16:19:42+00:00
buape,2023-02-25 10:55:47+00:00
buckket,2016-02-05 23:37:44+00:00
bugbakery,2021-12-01 00:13:01+00:00
cadCAD-org,2021-03-26 06:10:31+00:00
cadmiumcr,2019-06-11 20:23:41+00:00
cake-build,2016-07-03 18:48:03+00:00
camelot-dev,2024-01-19 16:05:08+00:00
cannlytics,2021-02-18 02:51:35+00:00
casbin,2021-04-01 15:23:42+00:00
cassandre-tech,2024-02-05 12:52:17+00:00
catenarytransit,2024-01-05 23:26:58+00:00
catfan,2022-02-09 16:08:57+00:00
cawa-93,2024-12-20 14:43:46+00:00
cboard-org,2024-05-27 17:27:40+00:00
cdnjs,2013-03-19 21:41:04+00:00
centrifugal,2016-06-15 09:45:19+00:00
cert-manager,2018-09-13 15:58:56+00:00
chakravala,2019-09-28 14:23:13+00:00
chaoss,2015-03-26 16:11:54+00:00
chatwoot,2020-02-17 11:58:09+00:00
cinnyapp,2024-12-06 20:21:30+00:00
climatescape,2021-01-06 00:10:04+00:00
clio-lang,2019-04-08 17:07:20+00:00
cncjs,2017-09-14 05:54:45+00:00
cobbler,2013-07-22 11:14:37+00:00
code-hike,2020-12-13 14:56:13+00:00
code4game,2020-12-23 10:35:19+00:00
codebar,2014-05-29 01:21:13+00:00
coderaiser,2019-10-08 01:18:09+00:00
codeuino,2020-09-29 19:14:09+00:00
codinggrace,2020-07-04 23:11:36+00:00
commanded,2017-09-22 18:30:09+00:00
commitizen-tools,2024-07-11 12:16:29+00:00
commonknowledge,2018-12-22 01:23:47+00:00
comunica,2018-09-20 07:40:23+00:00
conda-forge,2016-10-14 01:37:04+00:00
consento-org,2019-07-02 17:29:06+00:00
coopcycle,2017-07-25 11:09:07+00:00
coreruleset,2024-10-02 00:46:37+00:00
cp-algorithms,2024-07-19 13:42:54+00:00
cpeditor,2020-01-19 13:08:23+00:00
crewdevio,2020-07-10 14:20:09+00:00
cristianbote,2022-09-05 22:50:59+00:00
criticalmaps,2015-02-19 16:08:19+00:00
cross-org,2024-04-01 09:12:07+00:00
css-doodle,2017-12-05 12:45:02+00:00
cssnano,2022-09-15 15:24:39+00:00
csstools,2015-06-23 15:30:47+00:00
csstree,2017-02-15 00:09:21+00:00
ctrlplusb,2020-07-18 08:43:55+00:00
cup-lang,2021-12-31 09:36:02+00:00
cyph,2019-03-02 16:52:00+00:00
dahliaOS,2019-10-17 03:28:57+00:00
dao-xyz,2023-10-11 17:09:08+00:00
daobrussels,2024-02-14 17:09:14+00:00
datafestafrica,2022-03-31 00:35:53+00:00
dataplat,2024-09-26 23:20:47+00:00
daybrush,2024-04-12 04:51:19+00:00
db-migrate,2015-11-07 11:07:36+00:00
dbgate,2024-11-15 00:24:49+00:00
deaconsocial,2023-03-11 16:00:45+00:00
decaporg,2024-11-27 13:37:42+00:00
deck-of-cards,2019-06-28 06:15:28+00:00
deep-cover,2017-11-15 07:51:24+00:00
deep6org,2021-02-14 20:46:45+00:00
delight-dev,2020-05-13 13:55:31+00:00
denosaurs,2020-04-14 19:09:14+00:00
derekclair,2020-04-08 04:58:19+00:00
design-tokens,2021-01-01 21:22:07+00:00
detekt,2017-12-22 16:12:06+00:00
devops-kung-fu,2021-02-15 20:05:24+00:00
devopsfaith,2018-02-03 19:41:09+00:00
devstaff-crete,2019-01-21 07:56:47+00:00
dhowe,2021-05-23 16:15:38+00:00
dhruvasagar,2014-02-05 07:24:02+00:00
discord-jda,2023-11-18 12:30:52+00:00
discoveryjs,2018-12-19 11:48:45+00:00
disorientations,2020-09-12 00:04:46+00:00
dizitart,2022-12-13 18:01:11+00:00
django-extensions,2024-05-13 19:08:23+00:00
django-import-export,2016-05-02 17:45:21+00:00
djangolondon,2017-12-31 16:22:21+00:00
djezzzl,2022-12-06 06:02:19+00:00
djyde,2023-02-18 08:27:14+00:00
dmjio,2015-05-27 21:03:14+00:00
docToolchain,2018-09-23 19:09:35+00:00
docksal,2017-08-12 15:53:40+00:00
dolphin-emu,2013-08-16 17:28:35+00:00
doocs,2018-12-20 08:50:44+00:00
doorkeeper-gem,2016-01-21 20:56:19+00:00
dotnet,2021-03-29 04:21:10+00:00
dream-num,2024-12-19 09:45:19+00:00
dribdat,2019-05-15 07:17:00+00:00
drupalcampnj,2012-12-03 04:15:19+00:00
drutopia,2020-10-28 00:01:16+00:00
dubzzz,2024-05-21 07:06:58+00:00
duerrsimon,2023-11-02 10:50:03+00:00
dynamoose,2023-12-05 11:15:15+00:00
eXist-db,2013-10-17 13:47:41+00:00
eXpandFramework,2024-01-26 13:39:30+00:00
econ-ark,2019-02-28 23:40:44+00:00
ecosyste-ms,2022-02-11 16:28:21+00:00
edent,2024-09-10 09:01:56+00:00
edgecollective,2019-12-24 20:26:49+00:00
electerm,2024-12-14 10:03:05+00:00
element-plus,2020-12-18 06:39:41+00:00
elixir-lsp,2018-11-07 20:59:34+00:00
emacs-jupyter,2024-02-29 14:26:35+00:00
endoflife-date,2022-10-11 19:17:46+00:00
entropic-dev,2019-07-11 21:21:09+00:00
epiccastle,2020-07-07 07:41:44+00:00
errata-ai,2024-05-01 15:00:59+00:00
esm-dev,2024-12-13 13:28:01+00:00
esprfid,2020-09-20 18:22:55+00:00
estruyf,2024-03-21 14:15:58+00:00
exercism,2014-11-09 23:52:56+00:00
exoticlibraries,2020-05-03 15:20:31+00:00
external-secrets,2024-12-20 13:12:53+00:00
extinctionrebellion,2020-02-20 11:00:53+00:00
facebook,2024-12-11 14:05:37+00:00
faisalman,2023-06-09 07:19:08+00:00
falconry,2024-09-05 05:55:54+00:00
femdevs,2023-09-29 18:56:55+00:00
ferdium,2022-05-04 19:16:24+00:00
ffMathy,2020-09-17 05:38:39+00:00
ffplayout,2022-01-19 14:55:30+00:00
final-form,2018-01-22 13:49:06+00:00
flexn-io,2019-10-09 09:01:12+00:00
fluffos,2022-09-29 03:35:38+00:00
flutter-form-builder-ecosystem,2020-07-27 17:03:44+00:00
flutter-stripe,2024-09-02 11:25:48+00:00
flutter-webrtc,2024-11-14 12:23:51+00:00
flyimg,2025-01-31 13:01:01+00:00
formatjs,2013-12-18 00:22:16+00:00
foss-responders,2020-12-15 18:36:07+00:00
fosuniverse,2020-01-17 16:54:59+00:00
foxundermoon,2022-12-31 17:58:05+00:00
frejs,2019-10-19 11:28:22+00:00
freshOS,2016-10-17 06:38:06+00:00
fritzing,2024-09-23 21:23:01+00:00
fslaborg,2013-10-24 13:11:11+00:00
fullstackhero,2022-01-07 15:17:08+00:00
fuse-open,2015-12-02 17:03:59+00:00
game-ci,2018-09-15 02:23:43+00:00
gaplo917,2019-03-25 07:15:13+00:00
garrylachman,2023-01-29 23:44:49+00:00
gaz561,2022-11-17 23:54:13+00:00
gbadev-org,2019-10-13 15:40:08+00:00
gdm-settings,2022-05-25 20:56:29+00:00
geongeorge,2020-02-12 12:58:26+00:00
gerbera,2019-02-28 21:59:46+00:00
gfx-rs,2014-12-25 03:49:00+00:00
gioui,2021-03-05 17:35:16+00:00
gita,2019-02-01 03:57:15+00:00
givanz,2024-05-05 10:28:14+00:00
glpi-project,2015-08-18 07:17:38+00:00
gngrOrg,2016-08-10 11:20:31+00:00
go-fed,2018-04-24 22:55:23+00:00
godofredoninja,2022-01-03 19:16:26+00:00
goodwithtech,2020-07-13 11:11:21+00:00
gpujs,2023-01-05 06:43:43+00:00
grain-lang,2020-11-03 05:26:41+00:00
grantjenks,2018-07-23 18:12:46+00:00
greenpau,2024-04-17 14:47:05+00:00
greenshot,2024-04-07 03:09:15+00:00
gregberge,2023-10-06 06:12:15+00:00
grid-js,2024-06-05 22:18:23+00:00
gwtproject,2015-05-16 09:26:15+00:00
h-REA,2022-07-14 03:42:17+00:00
haasn,2024-01-22 00:46:50+00:00
hack-pad,2021-05-20 17:14:37+00:00
hackerspacesg,2014-01-17 04:36:32+00:00
hackmdio,2017-01-21 08:08:08+00:00
hadolint,2020-02-10 02:01:31+00:00
hajimehoshi,2024-09-09 16:42:08+00:00
hanami,2016-10-10 21:42:10+00:00
headcrab-rs,2020-07-27 07:34:01+00:00
heroui-inc,2025-01-22 21:04:25+00:00
heylinda,2021-07-28 14:45:09+00:00
hoaproject,2013-12-02 09:05:12+00:00
hoplon,2014-03-18 18:50:00+00:00
hoppscotch,2025-01-10 11:33:19+00:00
hotio,2024-09-26 23:15:39+00:00
hpyproject,2022-11-24 12:33:48+00:00
hs3city,2020-03-16 22:22:14+00:00
html-next,2015-06-05 06:35:28+00:00
htop-dev,2024-09-11 18:44:42+00:00
hyochan,2024-11-05 06:54:31+00:00
hyperhyperspace,2020-03-14 09:56:52+00:00
hypeserver,2020-03-31 21:44:54+00:00
hyphacoop,2019-04-18 19:20:09+00:00
iPlug2,2024-10-13 20:27:25+00:00
ibericode,2024-05-29 19:12:35+00:00
ice,2015-12-09 12:35:00+00:00
iconify,2020-11-27 17:11:29+00:00
iconoir-icons,2023-04-24 14:41:23+00:00
ifmeorg,2017-09-25 18:49:52+00:00
image-rs,2016-09-19 13:48:11+00:00
immers-space,2020-12-02 14:11:19+00:00
import-js,2022-03-01 15:37:59+00:00
infection,2018-08-24 07:27:11+00:00
inlife,2024-11-26 10:39:49+00:00
instantOS,2020-05-08 12:55:48+00:00
intelligo-mn,2023-05-04 19:11:17+00:00
intelowlproject,2024-08-23 08:57:25+00:00
iptv-org,2021-12-07 19:02:37+00:00
irislib,2023-07-04 06:48:50+00:00
itsnitish22,2022-06-24 09:50:04+00:00
ivaylokenov,2019-12-02 19:47:39+00:00
jaeles-project,2020-02-25 16:59:46+00:00
jamstatic,2023-10-08 03:51:51+00:00
jantimon,2021-11-28 18:10:14+00:00
jaredpalmer,2024-02-13 16:28:52+00:00
javaistic,2022-03-27 16:13:38+00:00
javascript-obfuscator,2024-06-11 05:47:19+00:00
javers,2023-02-28 12:27:42+00:00
javrasya,2020-05-20 09:55:01+00:00
jbetancur,2024-06-17 15:21:11+00:00
jedisct1,2018-01-30 11:56:07+00:00
jekyll,2021-09-21 01:38:11+00:00
jenkins-x,2022-10-03 17:39:33+00:00
jerverless,2018-11-16 04:08:06+00:00
joomla,2013-02-12 13:58:31+00:00
jreleaser,2022-04-07 19:52:16+00:00
js-org,2015-07-21 15:07:36+00:00
jsdelivr,2014-04-25 17:19:55+00:00
jsx-eslint,2021-02-01 22:11:59+00:00
jump-dev,2013-09-21 23:31:48+00:00
jxom,2022-07-07 23:58:30+00:00
kaplayjs,2022-06-10 20:23:42+00:00
karolkozer,2023-03-08 06:53:44+00:00
kartik-v,2017-09-21 07:34:10+00:00
katharostech,2018-09-02 22:59:34+00:00
katzenpost,2017-07-06 09:26:30+00:00
kendraio,2011-10-06 20:13:47+00:00
keras-team,2023-04-01 10:28:05+00:00
kitspace,2015-03-16 10:28:08+00:00
kmikiy,2020-08-15 13:07:56+00:00
kobra-dev,2020-09-27 21:39:01+00:00
koel,2016-03-25 15:03:54+00:00
komapper,2021-03-22 15:06:15+00:00
konstaui,2022-01-31 23:59:18+00:00
korlibs,2024-04-13 21:32:30+00:00
kornia,2024-07-28 21:23:56+00:00
koyuspace,2022-01-04 06:56:02+00:00
kriasoft,2011-12-22 18:05:55+00:00
ksnip,2019-06-24 09:26:15+00:00
kube-hetzner,2024-06-05 06:09:21+00:00
kucherenko,2023-09-25 10:30:32+00:00
kuma-ui,2023-04-22 13:25:26+00:00
lamdu,2015-09-24 04:37:29+00:00
landley,2024-04-08 06:08:32+00:00
lando,2018-01-16 15:34:41+00:00
latinxinai,2022-02-20 14:54:55+00:00
leafsphp,2022-07-10 05:40:16+00:00
less,2009-11-06 20:06:05+00:00
lesspass,2022-12-23 14:13:17+00:00
letheanVPN,2018-10-11 18:52:12+00:00
leveler-dba,2020-05-23 16:12:08+00:00
lfortran,2022-08-10 17:12:12+00:00
libredirect,2023-12-14 09:55:27+00:00
libremesh,2013-10-05 11:26:02+00:00
libretime,2023-12-01 10:05:10+00:00
linearmouse,2024-02-21 02:29:31+00:00
lingui,2023-02-02 10:57:38+00:00
liriliri,2023-06-05 17:26:48+00:00
llvm,2025-01-31 14:43:04+00:00
lobehub,2023-07-10 11:33:59+00:00
logchimp,2020-09-12 04:54:00+00:00
lowdefy,2021-10-05 08:36:44+00:00
lucide-icons,2022-11-06 15:32:58+00:00
lukeed,2018-01-20 00:37:37+00:00
lumeland,2022-04-02 15:01:31+00:00
luwes,2020-03-10 18:47:03+00:00
lxqt,2013-11-09 14:59:02+00:00
lycheeverse,2021-01-29 07:15:52+00:00
macports,2018-03-11 15:47:52+00:00
macvim-dev,2022-10-25 23:20:15+00:00
mage-os,2022-08-28 20:52:18+00:00
maii-chgk,2021-05-06 10:57:00+00:00
manuelbieh,2021-08-09 10:37:29+00:00
manyfold3d,2024-12-20 10:40:17+00:00
maoberlehner,2021-08-10 22:14:30+00:00
mapstruct,2015-01-17 21:37:20+00:00
mapswipe,2019-04-01 18:59:55+00:00
markdown-it,2015-05-26 19:44:10+00:00
marmelab,2024-09-17 16:04:06+00:00
marton-balazs-kovacs,2020-07-01 19:13:24+00:00
master-co,2023-11-16 06:43:22+00:00
masumsoft,2016-05-08 12:36:53+00:00
mathesar-foundation,2024-12-17 17:48:14+00:00
matomo-org,2014-02-24 14:43:03+00:00
matplotlib,2011-08-24 17:23:32+00:00
mattn,2021-11-21 08:05:30+00:00
maxence-charriere,2022-01-20 17:18:12+00:00
mbrn,2023-10-08 03:33:52+00:00
meteor,2019-03-06 13:32:47+00:00
mglaman,2019-10-21 14:32:44+00:00
micro-elements,2018-01-10 17:46:18+00:00
microcks,2020-12-08 14:03:06+00:00
mifi,2024-09-01 22:30:19+00:00
mint-lang,2018-08-27 11:25:53+00:00
mkaring,2022-09-19 17:17:52+00:00
mlpack,2014-12-29 13:56:21+00:00
modesttree,2022-04-07 15:41:19+00:00
modularcode,2016-02-06 11:57:55+00:00
moeoverflow,2017-05-16 03:02:36+00:00
momentum-mod,2018-12-09 05:34:51+00:00
mongodb,2023-08-30 15:05:48+00:00
morevnaproject-org,2016-01-30 18:28:23+00:00
moscajs,2023-05-03 08:21:02+00:00
motdotla,2022-01-04 18:05:18+00:00
mrakgr,2024-05-28 15:58:07+00:00
mue,2022-11-16 20:27:56+00:00
muhammadsammy,2020-04-16 06:17:53+00:00
multitheftauto,2016-09-21 23:43:35+00:00
mun-lang,2020-06-10 13:10:11+00:00
murat-dogan,2023-12-18 15:44:28+00:00
mwmbl,2022-01-08 02:20:36+00:00
mybb,2015-02-14 22:23:28+00:00
mypaint,2014-08-12 14:49:13+00:00
nakajijapan,2017-06-14 15:06:20+00:00
naptha,2023-02-08 09:30:20+00:00
nathancahill,2022-11-09 22:02:55+00:00
necordjs,2024-09-24 01:17:17+00:00
nestdotland,2020-06-25 02:25:34+00:00
netbootxyz,2024-01-31 16:28:56+00:00
networkx,2015-06-30 17:57:22+00:00
ng-alain,2019-03-12 01:33:17+00:00
ng-matero,2020-03-14 09:03:33+00:00
ng-web-apis,2020-07-13 22:43:51+00:00
ngneat,2020-03-19 11:08:52+00:00
ngxs,2018-09-05 11:39:30+00:00
nicklockwood,2024-08-14 13:28:08+00:00
nightwatchjs,2017-04-12 10:53:17+00:00
nlpodyssey,2020-06-16 14:07:24+00:00
noble,2014-07-07 14:45:01+00:00
noblox,2022-03-12 23:55:31+00:00
node-opcua,2022-03-16 08:15:58+00:00
nodeca,2011-12-02 07:52:24+00:00
nodevault,2018-04-21 00:55:47+00:00
nova-video-player,2019-12-16 21:19:43+00:00
novacodecollective,2020-03-07 17:42:31+00:00
npms-io,2016-06-12 09:09:53+00:00
nrepl,2013-01-28 01:24:34+00:00
nsfw-filter,2021-01-07 10:26:42+00:00
nuke-build,2023-12-19 10:36:15+00:00
numpy,2025-01-11 03:39:16+00:00
nusmodifications,2025-01-03 10:14:53+00:00
nuxsmin,2023-04-19 21:19:42+00:00
nvh95,2022-08-31 01:43:46+00:00
nvim-treesitter,2020-02-23 23:30:54+00:00
nwtime,2024-09-25 14:23:05+00:00
nzbin,2023-11-24 22:13:30+00:00
oTree-org,2020-01-09 20:30:08+00:00
oapi-codegen,2023-08-28 20:47:48+00:00
oatpp,2019-10-18 14:30:56+00:00
ocrmypdf,2024-04-25 06:17:37+00:00
oct16,2021-05-11 22:11:36+00:00
octobercms,2024-06-23 12:15:31+00:00
oddbird,2012-12-11 06:54:23+00:00
oguzhaninan,2018-01-06 11:46:18+00:00
ohmyform,2020-05-30 14:29:42+00:00
oilshell,2022-02-10 22:58:35+00:00
okikio,2022-03-06 19:13:18+00:00
olistic,2018-05-03 22:10:47+00:00
ondrajz,2022-05-23 13:24:15+00:00
one-dark,2023-03-21 19:07:40+00:00
ookii-dialogs,2019-10-09 10:17:38+00:00
ooni,2013-09-10 12:28:15+00:00
open-app,2014-07-18 03:48:09+00:00
open-election-compass,2020-01-30 22:59:27+00:00
open-rpc,2019-05-09 21:46:39+00:00
open-services,2019-04-11 13:44:01+00:00
openapi-ts,2024-12-03 11:36:14+00:00
openbenches,2017-08-07 20:57:53+00:00
opencollective,2020-03-05 11:17:03+00:00
openfisca,2013-03-22 10:52:50+00:00
openfl,2013-07-24 06:58:48+00:00
openglobus,2023-01-03 15:31:33+00:00
openinput-fw,2020-10-23 22:13:32+00:00
openintents,2013-01-06 20:56:50+00:00
openml,2015-02-19 11:27:11+00:00
opennox,2024-03-09 22:38:43+00:00
openprivacytech,2022-09-30 22:46:05+00:00
openresearchcalendar,2020-09-14 16:11:21+00:00
openrocket,2024-10-23 15:28:25+00:00
openseadragon,2013-03-07 17:41:33+00:00
openstf,2022-02-27 09:44:23+00:00
opensuspect,2020-10-18 01:16:57+00:00
opt-out-tools,2019-11-24 14:44:40+00:00
optics-dev,2021-02-08 11:23:39+00:00
orangopus,2020-03-15 04:22:48+00:00
orcasound,2020-02-21 23:25:50+00:00
orchidjs,2024-11-13 19:36:27+00:00
os-js,2014-11-05 21:44:40+00:00
ossia,2015-02-05 13:53:15+00:00
packem,2019-04-11 13:12:06+00:00
pact-foundation,2014-04-25 23:36:06+00:00
pandas-dev,2017-03-30 20:50:26+00:00
panjf2000,2019-09-19 05:51:45+00:00
passwordless-lib,2021-12-06 19:29:30+00:00
pavlobu,2023-03-21 16:26:39+00:00
pdm-project,2022-02-08 08:18:30+00:00
peachpiecompiler,2022-02-17 07:39:34+00:00
pelias,2014-10-16 11:41:04+00:00
pep8speaks-org,2017-11-25 09:28:25+00:00
pest-parser,2021-08-12 14:46:48+00:00
pester,2024-05-18 13:03:28+00:00
pgRouting,2010-11-15 03:32:46+00:00
phcode-dev,2024-06-03 15:19:35+00:00
philipswan,2022-09-18 04:20:11+00:00
php-service-bus,2021-03-10 21:19:27+00:00
php-soap,2021-11-26 10:59:55+00:00
phpbb,2012-04-06 04:22:37+00:00
phpclassic,2023-01-21 17:38:35+00:00
pikepdf,2021-06-05 08:55:02+00:00
pioniredu,2020-09-07 21:00:48+00:00
pisa-dev,2022-10-01 11:24:43+00:00
pixi-viewport,2023-10-02 22:39:19+00:00
planetary-social,2020-03-03 20:21:23+00:00
pmd,2017-05-30 21:38:58+00:00
pmndrs,2024-03-08 03:56:01+00:00
poliastro,2016-02-05 10:25:00+00:00
pomber,2020-04-06 10:16:45+00:00
pona-la,2022-05-17 21:38:32+00:00
poolifier,2021-05-01 18:33:26+00:00
poweradmin,2014-04-16 06:38:37+00:00
praw-dev,2014-10-16 17:50:28+00:00
pre-commit,2014-12-01 01:56:09+00:00
premieroctet,2020-02-12 12:05:06+00:00
prettier,2022-07-22 17:39:14+00:00
prism-rb,2019-11-25 08:27:30+00:00
probe-rs,2020-01-01 21:18:13+00:00
project-error,2021-08-20 21:25:17+00:00
projectM-visualizer,2021-08-23 21:36:11+00:00
projectsend,2024-09-16 06:55:01+00:00
projectwallace,2019-04-04 21:19:49+00:00
proyecto26,2017-07-25 13:00:09+00:00
psake,2014-04-28 20:50:14+00:00
public-transport,2017-07-17 13:11:07+00:00
pufferpanel,2023-04-30 08:34:45+00:00
pxlsspace,2019-01-24 12:18:20+00:00
pyenv,2018-05-02 03:38:41+00:00
pymc-devs,2024-11-29 16:07:10+00:00
pyparsing,2022-03-09 08:35:05+00:00
python-trio,2017-06-07 03:48:26+00:00
python-websockets,2017-11-18 12:14:26+00:00
qishibo,2024-05-21 03:41:56+00:00
qruto,2023-06-27 12:32:40+00:00
quasarframework,2024-12-01 14:30:13+00:00
r0x0r,2020-07-11 17:38:10+00:00
radogado,2014-09-12 11:55:16+00:00
rahuldkjain,2024-08-24 19:46:52+00:00
ramsrigouthamg,2021-12-10 19:13:51+00:00
ranisalt,2024-11-19 01:50:49+00:00
rapid-sensemaking-framework,2019-11-10 16:12:16+00:00
rchain-community,2018-03-11 21:22:16+00:00
reach,2022-07-21 22:42:50+00:00
react-figma,2019-10-06 10:31:16+00:00
react-native-datetimepicker,2023-09-20 15:09:03+00:00
reactdenver,2017-12-12 21:31:45+00:00
reactdeveloperske,2021-06-28 12:35:59+00:00
reactjs-dallas,2018-10-10 04:24:57+00:00
reallyreadit,2021-11-07 12:38:03+00:00
realrashid,2023-02-06 22:04:57+00:00
recaptime-dev,2020-08-24 13:00:13+00:00
recharts,2024-09-25 13:22:32+00:00
reconmap,2021-03-27 08:39:12+00:00
recp,2023-05-17 20:10:54+00:00
redeclipse,2016-07-14 09:09:59+00:00
redom,2017-11-14 15:46:50+00:00
redwoodjs,2018-11-11 21:51:03+00:00
rekit,2019-11-02 21:43:00+00:00
release-plz,2024-11-28 05:13:12+00:00
remorses,2020-04-16 15:07:32+00:00
renyuneyun,2022-08-17 12:46:25+00:00
replikativ,2022-05-07 01:37:42+00:00
reqnroll,2024-03-01 08:17:18+00:00
restsharp,2023-06-13 08:55:05+00:00
retejs,2018-06-07 06:43:39+00:00
revolist,2022-04-12 13:21:09+00:00
rgerum,2020-07-07 08:46:14+00:00
riffcc,2021-07-29 01:19:53+00:00
rizinorg,2017-12-27 05:47:00+00:00
robertleeplummerjr,2019-06-21 21:27:41+00:00
roblox-ts,2018-12-30 15:52:29+00:00
robotcodedev,2024-05-31 10:16:27+00:00
roc-streaming,2018-02-04 13:54:20+00:00
rottingresearch,2021-10-01 19:44:13+00:00
rough-stuff,2020-03-05 06:50:28+00:00
rrweb-io,2024-11-29 16:52:12+00:00
rslint,2021-02-19 23:59:20+00:00
rspamd,2024-11-28 15:39:47+00:00
rtklibexplorer,2024-10-28 11:59:59+00:00
rubyconfig,2011-06-09 08:05:28+00:00
rust-lang-ru,2015-12-22 12:45:51+00:00
rwf2,2018-04-19 09:02:09+00:00
rx-angular,2021-05-29 08:10:18+00:00
rx-ts,2019-08-26 04:38:48+00:00
saasfly,2024-04-14 06:03:29+00:00
sagemath,2011-07-04 20:51:27+00:00
saleem-hadad,2020-09-28 09:46:11+00:00
salesagility,2024-12-24 08:19:59+00:00
salgum1114,2021-06-01 20:14:29+00:00
samchon,2024-07-22 08:12:43+00:00
samdenty,2021-03-28 09:30:39+00:00
sampotts,2024-04-25 19:25:26+00:00
sanic-org,2019-03-27 15:19:32+00:00
sapphiredev,2021-09-27 19:52:23+00:00
scanapi,2020-05-10 00:23:38+00:00
sched-ext,2024-11-27 10:10:38+00:00
schemathesis,2022-03-28 12:56:42+00:00
schuderer,2019-06-20 15:34:32+00:00
scidsg,2022-10-06 00:43:41+00:00
scientific-python,2016-12-20 23:07:38+00:00
scikit-image,2024-12-05 18:08:19+00:00
scikit-learn,2011-06-28 07:58:03+00:00
scipy,2013-07-08 20:00:18+00:00
scverse,2023-05-05 14:28:47+00:00
sebpiq,2023-05-11 06:59:53+00:00
securingsincity,2024-09-18 20:16:38+00:00
select2,2024-01-24 21:37:50+00:00
semantic-release,2015-08-18 14:53:02+00:00
semaphoreui,2025-01-06 10:03:04+00:00
sepheocoop,2024-10-11 15:00:43+00:00
serialport,2018-03-10 16:37:46+00:00
serversideup,2022-03-10 09:58:48+00:00
shadeed,2020-01-15 18:49:02+00:00
shivammathur,2024-07-19 08:19:09+00:00
siennathesane,2019-09-06 07:08:53+00:00
silexlabs,2023-03-11 09:20:32+00:00
simonwep,2019-06-10 21:07:11+00:00
simple-icons,2020-02-13 01:49:37+00:00
simple-login,2021-01-03 18:37:00+00:00
single-spa,2022-11-08 11:37:37+00:00
sirixdb,2019-10-04 08:13:40+00:00
site-prism,2019-09-18 10:25:57+00:00
sitespeedio,2013-12-09 19:53:43+00:00
sivan,2020-10-21 01:36:04+00:00
skia4delphi,2022-11-09 02:07:46+00:00
skybridgeskills,2024-01-04 10:52:05+00:00
slimphp,2020-04-16 18:44:26+00:00
snabbdom,2017-07-25 13:33:30+00:00
snakers4,2019-09-03 15:46:28+00:00
soapdog,2021-05-27 11:28:01+00:00
sopel-irc,2024-03-10 17:11:49+00:00
sorry-cypress,2022-04-06 10:02:29+00:00
spacedriveapp,2024-02-12 23:53:22+00:00
spacejam,2023-10-21 12:42:12+00:00
spaceship-prompt,2022-11-19 12:59:48+00:00
spicetify,2021-12-22 14:00:31+00:00
sprblm,2024-11-15 13:44:13+00:00
srevinsaju,2022-10-20 16:57:03+00:00
sshnet,2019-02-14 09:54:26+00:00
stalniy,2022-09-08 13:51:50+00:00
stalwartlabs,2024-11-26 15:06:33+00:00
staniel359,2024-01-31 02:59:30+00:00
starship,2021-11-05 19:09:39+00:00
statoscope,2021-07-23 06:13:37+00:00
stdlib-js,2025-01-31 10:16:23+00:00
stefansundin,2021-08-27 11:01:09+00:00
strawberry-graphql,2019-10-11 20:05:13+00:00
streetsidesoftware,2023-09-26 16:14:46+00:00
streetwriters,2025-01-25 15:57:10+00:00
stt-datacore,2020-07-11 14:47:55+00:00
stumpapp,2024-06-30 23:37:06+00:00
styleguidist,2017-06-11 23:22:35+00:00
stylus,2023-03-06 22:48:34+00:00
sujaykundu777,2021-02-21 12:24:18+00:00
supabase,2020-10-05 03:00:57+00:00
survivejs,2013-04-20 13:37:06+00:00
svartalf,2019-02-24 09:17:35+00:00
svg,2013-07-11 23:16:12+00:00
swaggo,2024-11-26 03:54:13+00:00
swarmpit,2017-06-20 00:58:58+00:00
swiftwasm,2019-06-12 23:39:30+00:00
swup,2023-07-20 14:37:17+00:00
sympy,2025-01-19 20:19:44+00:00
t4t5,2021-09-23 21:38:48+00:00
tModLoader,2019-03-21 02:45:57+00:00
tahoe-lafs,2013-04-13 23:50:42+00:00
tako-discord,2021-12-21 17:52:08+00:00
tastyigniter,2020-08-28 14:06:04+00:00
tboox,2020-01-14 02:44:06+00:00
techworkersco,2018-07-30 02:09:28+00:00
tenacityteam,2021-10-13 02:24:56+00:00
tera-arise,2022-12-18 17:40:38+00:00
termux-pacman,2023-08-10 04:16:09+00:00
testcontainers,2016-03-02 11:04:06+00:00
textpattern,2017-02-06 12:01:53+00:00
the-via,2020-01-29 13:25:20+00:00
theborderland,2018-01-04 20:08:45+00:00
thegreenwebfoundation,2014-10-02 12:19:17+00:00
thewpcommunitycollective,2023-09-12 18:32:45+00:00
thom4parisot,2019-08-18 17:36:47+00:00
thuliteio,2021-09-06 07:10:36+00:00
thunder-engine,2018-05-18 13:04:17+00:00
timber,2020-07-09 19:35:28+00:00
timocov,2019-01-17 12:13:09+00:00
tinygo-org,2024-11-29 01:02:43+00:00
tj-actions,2020-05-29 14:41:49+00:00
tokio-rs,2016-08-21 11:43:43+00:00
tone-row,2020-03-14 02:50:35+00:00
tooling,2013-12-28 17:11:58+00:00
top-think,2016-01-03 15:58:19+00:00
trynoice,2023-01-12 16:17:44+00:00
tsedio,2023-04-06 08:02:15+00:00
twilight-rs,2023-02-03 19:31:09+00:00
txthinking,2019-05-25 00:32:45+00:00
typedclojure,2022-09-05 20:38:41+00:00
typeddjango,2019-03-27 21:24:10+00:00
typegoose,2020-08-29 16:41:28+00:00
uNmAnNeR,2024-08-14 09:52:45+00:00
ueberdosis,2020-02-29 05:57:18+00:00
ujjwalguptaofficial,2024-11-01 12:16:00+00:00
ukrbublik,2023-09-18 05:35:36+00:00
un-ts,2019-01-25 10:08:50+00:00
unigraph-dev,2021-11-19 15:31:52+00:00
unocss,2024-10-22 10:47:33+00:00
urduhack,2021-01-06 10:38:43+00:00
urllib3,2022-08-17 02:01:30+00:00
usememos,2024-12-15 03:49:59+00:00
usereactnyc,2019-06-25 19:07:03+00:00
utopia-os,2024-10-22 07:56:51+00:00
validatorjs,2024-10-20 14:37:54+00:00
valor-software,2024-03-22 16:38:38+00:00
vanilla-rtb,2017-06-10 10:59:28+00:00
vardius,2019-06-30 04:44:24+00:00
veandco,2022-07-21 09:13:59+00:00
vegastrike,2020-04-09 02:44:31+00:00
vendure-ecommerce,2019-03-25 09:29:01+00:00
vercel,2024-08-20 21:05:06+00:00
vifm,2015-09-22 14:00:27+00:00
vignetteapp,2020-09-10 00:28:14+00:00
vinitkumar,2019-02-07 12:41:57+00:00
vinta,2024-09-20 16:02:31+00:00
visualpython,2021-08-03 07:57:11+00:00
vitest-dev,2025-01-23 08:54:38+00:00
vivaxy,2019-06-25 15:24:53+00:00
vllm-project,2025-01-31 13:20:06+00:00
voidcosmos,2019-08-21 08:52:48+00:00
voku,2019-11-14 23:58:55+00:00
vue-a11y,2018-05-21 03:09:57+00:00
vue-stripe,2022-12-05 13:46:47+00:00
vuejs,2023-11-27 08:51:51+00:00
vuematerial,2021-02-19 09:19:56+00:00
vuepress-theme-hope,2022-03-03 05:00:09+00:00
vueuse,2025-01-07 09:00:25+00:00
wangeditor-team,2024-11-02 03:20:27+00:00
wardenenv,2020-06-20 02:23:32+00:00
waydroid,2021-07-31 21:34:00+00:00
we-plugin,2019-11-30 03:39:23+00:00
webarkit,2021-10-11 22:33:31+00:00
webdiscus,2023-11-27 13:43:33+00:00
webonyx,2022-04-25 07:40:35+00:00
webqit,2021-12-13 18:25:56+00:00
webrecorder,2017-07-13 06:03:42+00:00
wemake-services,2018-12-12 14:19:25+00:00
wenyan-lang,2022-03-17 22:52:11+00:00
westpa,2014-10-04 17:50:17+00:00
wexond,2021-08-27 09:03:51+00:00
wger-project,2021-03-11 20:51:54+00:00
wikicensorship,2021-06-17 12:52:15+00:00
wintercms,2017-11-16 14:25:38+00:00
witchcrafters,2016-02-05 21:47:49+00:00
wojtekmaj,2018-03-28 21:52:27+00:00
world-class,2020-10-18 10:18:56+00:00
worldiaday,2020-06-07 04:42:13+00:00
worldimprovementlab,2019-12-02 22:12:29+00:00
worldpeacenow,2021-07-13 12:44:47+00:00
wp-graphql,2017-02-23 18:19:23+00:00
wppconnect-team,2021-12-14 19:53:07+00:00
writefreely,2024-10-21 21:34:41+00:00
wsdjeg,2020-08-28 20:15:31+00:00
xdebug,2015-03-16 10:41:34+00:00
xibyte,2018-11-15 09:51:36+00:00
xlayers,2019-03-05 08:45:18+00:00
xunholy,2023-12-06 21:21:06+00:00
yamada-ui,2025-01-21 11:19:43+00:00
yangshun,2023-08-27 17:29:06+00:00
yanyiwu,2023-06-01 02:42:38+00:00
yaronzz,2024-02-29 07:04:09+00:00
yatima1460,2019-05-13 17:10:36+00:00
yorkie-team,2022-07-27 07:37:57+00:00
your-digital-rights,2019-07-04 12:57:43+00:00
yours-org,2023-12-19 04:31:20+00:00
yt-project,2017-04-10 14:27:45+00:00
yume-chan,2021-09-18 18:26:28+00:00
zevlg,2021-12-18 22:57:37+00:00
zigtools,2021-01-01 08:21:10+00:00
zino-hofmann,2024-02-20 13:08:30+00:00
znarf,2023-04-04 16:27:28+00:00
zrythm,2024-12-24 00:54:32+00:00
zulip,2025-01-30 01:19:50+00:00
zws-im,2019-08-29 23:14:43+00:00
zxing-js,2020-05-23 05:57:42+00:00
